-- phpMyAdmin SQL Dump
-- version 5.2.1
-- https://www.phpmyadmin.net/
--
-- Host: 127.0.0.1
-- Generation Time: Oct 03, 2023 at 09:45 PM
-- Server version: 10.4.28-MariaDB
-- PHP Version: 8.2.4

SET SQL_MODE = "NO_AUTO_VALUE_ON_ZERO";
START TRANSACTION;
SET time_zone = "+00:00";


/*!40101 SET @OLD_CHARACTER_SET_CLIENT=@@CHARACTER_SET_CLIENT */;
/*!40101 SET @OLD_CHARACTER_SET_RESULTS=@@CHARACTER_SET_RESULTS */;
/*!40101 SET @OLD_COLLATION_CONNECTION=@@COLLATION_CONNECTION */;
/*!40101 SET NAMES utf8mb4 */;

--
-- Database: `etehad`
--

-- --------------------------------------------------------

--
-- Table structure for table `about_uses`
--

CREATE TABLE `about_uses` (
  `id` bigint(20) UNSIGNED NOT NULL,
  `description` text NOT NULL,
  `vision` text NOT NULL,
  `message` text NOT NULL,
  `strategic_one_title` varchar(255) NOT NULL,
  `strategic_one_content` text NOT NULL,
  `strategic_tow_title` varchar(255) NOT NULL,
  `strategic_tow_content` text NOT NULL,
  `strategic_three_title` varchar(255) NOT NULL,
  `strategic_three_content` text NOT NULL,
  `page_keywords` text NOT NULL,
  `page_description` text NOT NULL,
  `created_at` timestamp NULL DEFAULT NULL,
  `updated_at` timestamp NULL DEFAULT NULL
) ENGINE=InnoDB DEFAULT CHARSET=utf8mb4 COLLATE=utf8mb4_unicode_ci;

--
-- Dumping data for table `about_uses`
--

INSERT INTO `about_uses` (`id`, `description`, `vision`, `message`, `strategic_one_title`, `strategic_one_content`, `strategic_tow_title`, `strategic_tow_content`, `strategic_three_title`, `strategic_three_content`, `page_keywords`, `page_description`, `created_at`, `updated_at`) VALUES
(1, '<p>أنشئت وزارة الرياضة الاتحاد السعودي للروبوت والرياضات اللاسلكية عام 2017 تحقيقًا لأهداف رؤية المملكة 2030 في تعزيز مهارات المستقبل للأفراد، فالاتحاد ينظم جميع الرياضات اللاسلكية وفعاليات الروبوت في المملكة. ينظم الاتحاد عددًا من المسابقات والفعاليات للرياضات اللاسلكية مثل: القوارب اللاسلكية و الطائرات اللاسلكية والسيارات اللاسلكية، بالإضافة إلى تنظيم الفعاليات والمسابقات الخاصة بالروبوت والذكاء الاصطناعي.</p>', '<p>أن تصبح المملكة العربية السعودية منصة إقليمية وعالمية في الرياضات اللاسلكية والروبوت.</p>', '<p>السعي في تمكين فئات المجتمع المختلفة من خلال توفير فرص التدريب في مجالات الرياضات اللاسلكية والروبوت، والمشاركة في مختلف المحافل والمسابقات، وتطويرهم ليكونوا محرك ومصدر للفرص الاقتصادية في المملكة.</p>', '<p>الإلهام</p>', '<p>إلهام أجيال من المبتكرين والمحترفين بالتقنيات المتقدمة عبر سلسلة من المبادرات والمنافسات.</p>', '<p>التمكين</p>', '<p>تمكين الكفاءات وتطويرها، عبر المعسكرات التدريبية المكثفة، وإتاحة الأدوات، واستثمار الفرص.</p>', '<p>الاستدامة</p>', '<p>دعم المستفيدين من مبادرات الاتحاد في التوظيف بجهات متخصصة أو في بناء مشاريعهم الناشئة.</p>', 'الكلمات الوصفيه الخاص بالصفحه مفصوله , (سيو)', 'الوصف الخاص بالصفحه (سيو)', '2023-09-04 04:50:53', '2023-10-01 14:22:08');

-- --------------------------------------------------------

--
-- Table structure for table `achivements`
--

CREATE TABLE `achivements` (
  `id` bigint(20) UNSIGNED NOT NULL,
  `title` varchar(255) NOT NULL COMMENT 'this field about title ',
  `content` text NOT NULL COMMENT 'this field about achive ment content ',
  `achivement_date` date NOT NULL COMMENT 'this field about achivement date',
  `achivement_kind` varchar(255) NOT NULL COMMENT 'this field about achivement kind like global yeare 1 meen robotes and 2 meen Wireless sports',
  `achivement_image` varchar(255) NOT NULL COMMENT 'this field about achivement image',
  `achivement_icon` varchar(255) NOT NULL COMMENT 'this field about achivement icon',
  `slug` varchar(255) NOT NULL COMMENT 'this is slug use for ceo',
  `achivement_category` varchar(255) NOT NULL COMMENT '1 meen robote 2 meen wireless sports',
  `active` tinyint(1) NOT NULL COMMENT 'this field about achivement status',
  `page_keywords` text NOT NULL,
  `page_description` text NOT NULL,
  `created_at` timestamp NULL DEFAULT NULL,
  `updated_at` timestamp NULL DEFAULT NULL
) ENGINE=InnoDB DEFAULT CHARSET=utf8mb4 COLLATE=utf8mb4_unicode_ci;

--
-- Dumping data for table `achivements`
--

INSERT INTO `achivements` (`id`, `title`, `content`, `achivement_date`, `achivement_kind`, `achivement_image`, `achivement_icon`, `slug`, `achivement_category`, `active`, `page_keywords`, `page_description`, `created_at`, `updated_at`) VALUES
(4, 'السعوديه تحقق المركز الاول في جائزه مسروع الابتكار3', '<p>&nbsp;نبارك للمنتخب السعودي المشاركه في بطوله الفيرست ليغو الدوليه المفتوحه بالمملكه المغربيه &nbsp;بتحقيقه المركز الاول في مشروع الابتكار</p>', '2005-09-08', 'عالمي', '1696092707_Rectangle_5.254d65f6.svg.svg', '1696092609_www.d4e4c841.svg.svg', 'السعوديه-تحقق-المركز-الاول-في-جائزه-مسروع-الابتكار3', '2', 1, 'نبارك للمنتخب السعودي المشاركه في بطوله الفيرست ليغو الدوليه المفتوحه بالمملكه المغربيه  بتحقيقه المركز الاول في مشروع الابتكار', 'نبارك للمنتخب السعودي المشاركه في بطوله الفيرست ليغو الدوليه المفتوحه بالمملكه المغربيه  بتحقيقه المركز الاول في مشروع الابتكار', '2023-09-29 11:03:42', '2023-09-30 14:51:47'),
(5, 'السعوديه تحقق المركز الاول في جائزه مسروع الابتكار4', '<p>نبارك للمنتخب السعودي المشاركه في بطوله الفيرست ليغو الدوليه المفتوحه بالمملكه المغربيه &nbsp;بتحقيقه المركز الاول في مشروع الابتكار</p>', '2022-03-10', 'محلي', '1696092788_Rectangle_5.254d65f6.svg.svg', '1696092779_www.d4e4c841.svg.svg', 'السعوديه-تحقق-المركز-الاول-في-جائزه-مسروع-الابتكار4', '2', 1, 'نبارك للمنتخب السعودي المشاركه في بطوله الفيرست ليغو الدوليه المفتوحه بالمملكه المغربيه  بتحقيقه المركز الاول في مشروع الابتكار', 'نبارك للمنتخب السعودي المشاركه في بطوله الفيرست ليغو الدوليه المفتوحه بالمملكه المغربيه  بتحقيقه المركز الاول في مشروع الابتكار', '2023-09-29 13:03:11', '2023-09-29 13:03:11'),
(6, 'السعوديه تحقق المركز الاول في جائزه مسروع الابتكار2', '<p>&nbsp;نبارك للمنتخب السعودي المشاركه في بطوله الفيرست ليغو الدوليه المفتوحه بالمملكه المغربيه &nbsp;بتحقيقه المركز الاول في مشروع الابتكار</p>', '2000-12-02', 'محلي', '1696092728_Rectangle_5.254d65f6.svg.svg', '1696092558_www.d4e4c841.svg.svg', 'السعوديه-تحقق-المركز-الاول-في-جائزه-مسروع-الابتكار2', '1', 1, 'نبارك للمنتخب السعودي المشاركه في بطوله الفيرست ليغو الدوليه المفتوحه بالمملكه المغربيه  بتحقيقه المركز الاول في مشروع الابتكار', 'نبارك للمنتخب السعودي المشاركه في بطوله الفيرست ليغو الدوليه المفتوحه بالمملكه المغربيه  بتحقيقه المركز الاول في مشروع الابتكار', '2023-09-29 13:24:22', '2023-09-30 14:49:18'),
(7, 'السعوديه تحقق المركز الاول في جائزه مسروع الابتكار', '<p>نبارك للمنتخب السعودي المشاركه فيبطولع الفيرست ليغو الدوليه المفتوحه بالمملكه المغربيه &nbsp;بتحقيقه المركز الاول في مشروع الابتكار</p>', '2000-08-09', 'عالمي', '1696089437_Rectangle_5.254d65f6.svg.svg', '1696089437_www.d4e4c841.svg.svg', 'السعوديه-تحقق-المركز-الاول-في-جائزه-مسروع-الابتكار', '1', 1, 'السعوديه تحقق المركز الاول في جائزه مسروع الابتكار نبارك للمنتخب السعودي المشاركه فيبطولع الفيرست ليغو الدوليه المفتوحه بالمملكه المغربيه  بتحقيقه المركز الاول في مشروع الابتكار', 'السعوديه تحقق المركز الاول في جائزه مسروع الابتكار نبارك للمنتخب السعودي المشاركه فيبطولع الفيرست ليغو الدوليه المفتوحه بالمملكه المغربيه  بتحقيقه المركز الاول في مشروع الابتكار', '2023-09-30 13:57:17', '2023-09-30 13:57:17'),
(8, 'بطولات الروبوت', '<p>&nbsp;نبارك للمنتخب السعودي المشاركه في بطوله الفيرست ليغو الدوليه المفتوحه بالمملكه المغربيه &nbsp;بتحقيقه المركز الاول في مشروع الابتكار</p>', '2000-09-09', 'عالمي', '1696153544_1696089437_Rectangle_5.254d65f6.svg.svg.svg', '1696156419_games.svg.svg', 'بطولات-الروبوت', '1', 1, 'بطولات الروبوت', 'بطولات الروبوت', '2023-10-01 06:45:20', '2023-10-01 07:49:00'),
(9, 'بطولة الأولمبياد العالمي للروبوت', '<p>&nbsp;نبارك للمنتخب السعودي المشاركه في بطوله الفيرست ليغو الدوليه المفتوحه بالمملكه المغربيه &nbsp;بتحقيقه المركز الاول في مشروع الابتكار</p><p><br>&nbsp;</p>', '2000-09-09', 'عالمي', '1696153606_1696089437_Rectangle_5.254d65f6.svg.svg.svg', '1696153606_wro-logo.svg.svg', 'بطولة-الأولمبياد-العالمي-للروبوت', '1', 1, 'بطولة الأولمبياد العالمي للروبوت', 'بطولة الأولمبياد العالمي للروبوت', '2023-10-01 06:46:46', '2023-10-01 07:49:12'),
(10, 'بطولة فيرست', '<p>&nbsp;نبارك للمنتخب السعودي المشاركه في بطوله الفيرست ليغو الدوليه المفتوحه بالمملكه المغربيه &nbsp;بتحقيقه المركز الاول في مشروع الابتكار</p>', '2000-09-09', 'عالمي', '1696153653_1696089437_Rectangle_5.254d65f6.svg.svg.svg', '1696153653_wro-logo_1.svg.svg', 'بطولة-فيرست', '1', 1, 'بطولة فيرست', 'بطولة فيرست', '2023-10-01 06:47:33', '2023-10-01 07:49:17'),
(11, 'الألعاب السعودية', '<p>&nbsp;نبارك للمنتخب السعودي المشاركه في بطوله الفيرست ليغو الدوليه المفتوحه بالمملكه المغربيه &nbsp;بتحقيقه المركز الاول في مشروع الابتكار</p>', '2000-09-09', 'عالمي', '1696153691_1696089437_Rectangle_5.254d65f6.svg.svg.svg', '1696156391_Robot.svg.svg', 'الألعاب-السعودية', '1', 1, 'الألعاب السعودية', 'الألعاب السعودية', '2023-10-01 06:48:11', '2023-10-01 07:49:22'),
(12, 'بطولات الرياضات اللاسلكية', '<p>&nbsp;نبارك للمنتخب السعودي المشاركه في بطوله الفيرست ليغو الدوليه المفتوحه بالمملكه المغربيه &nbsp;بتحقيقه المركز الاول في مشروع الابتكار</p>', '2000-09-09', 'عالمي', '1696156562_1696089437_Rectangle_5.254d65f6.svg.svg.svg', '1696156562_خىث.svg.svg', 'بطولات-الرياضات-اللاسلكية', '2', 1, 'ينظم الاتحاد ثلاث مسابقات للروبوت لينضم آلآف المتسابقين سنويًا تحت فئات عمرية محددة.', 'ينظم الاتحاد ثلاث مسابقات للروبوت لينضم آلآف المتسابقين سنويًا تحت فئات عمرية محددة.', '2023-10-01 07:36:02', '2023-10-01 07:49:29'),
(13, 'الطائرات الاسلكيه', '<p>&nbsp;نبارك للمنتخب السعودي المشاركه في بطوله الفيرست ليغو الدوليه المفتوحه بالمملكه المغربيه &nbsp;بتحقيقه المركز الاول في مشروع الابتكار</p><p><br>&nbsp;</p>', '2000-08-08', 'عالمي', '1696156622_1696089437_Rectangle_5.254d65f6.svg.svg.svg', '1696156622_tow.svg.svg', 'الطائرات-الاسلكيه', '2', 1, 'ينظم الاتحاد ثلاث مسابقات للروبوت لينضم آلآف المتسابقين سنويًا تحت فئات عمرية محددة.', 'ينظم الاتحاد ثلاث مسابقات للروبوت لينضم آلآف المتسابقين سنويًا تحت فئات عمرية محددة.', '2023-10-01 07:37:03', '2023-10-01 07:49:33'),
(14, 'السيارات الاسلكيه', '<p>&nbsp;نبارك للمنتخب السعودي المشاركه في بطوله الفيرست ليغو الدوليه المفتوحه بالمملكه المغربيه &nbsp;بتحقيقه المركز الاول في مشروع الابتكار</p><p><br>&nbsp;</p>', '2000-08-08', 'عالمي', '1696156667_1696089437_Rectangle_5.254d65f6.svg.svg.svg', '1696156667_three.svg.svg', 'السيارات-الاسلكيه', '2', 1, 'ينظم الاتحاد ثلاث مسابقات للروبوت لينضم آلآف المتسابقين سنويًا تحت فئات عمرية محددة.', 'ينظم الاتحاد ثلاث مسابقات للروبوت لينضم آلآف المتسابقين سنويًا تحت فئات عمرية محددة.', '2023-10-01 07:37:47', '2023-10-01 07:49:47'),
(15, 'القوارب اللاسلكيه', '<p>&nbsp;نبارك للمنتخب السعودي المشاركه في بطوله الفيرست ليغو الدوليه المفتوحه بالمملكه المغربيه &nbsp;بتحقيقه المركز الاول في مشروع الابتكار</p><p><br>&nbsp;</p>', '2000-09-09', 'عالمي', '1696156719_1696089437_Rectangle_5.254d65f6.svg.svg.svg', '1696156719_four.svg.svg', 'القوارب-اللاسلكيه', '2', 1, 'ينظم الاتحاد ثلاث مسابقات للروبوت لينضم آلآف المتسابقين سنويًا تحت فئات عمرية محددة.', 'ينظم الاتحاد ثلاث مسابقات للروبوت لينضم آلآف المتسابقين سنويًا تحت فئات عمرية محددة.', '2023-10-01 07:38:39', '2023-10-01 07:49:42');

-- --------------------------------------------------------

--
-- Table structure for table `contact_uses`
--

CREATE TABLE `contact_uses` (
  `id` bigint(20) UNSIGNED NOT NULL,
  `name` varchar(255) NOT NULL COMMENT 'this is visetor name',
  `email` varchar(255) NOT NULL COMMENT 'this is visetor email',
  `age` int(255) NOT NULL COMMENT 'this is visetor age',
  `phone` varchar(255) NOT NULL COMMENT 'this is visetor phone',
  `title` varchar(255) NOT NULL COMMENT 'this is message title',
  `message` text NOT NULL COMMENT 'this is message content',
  `is_seen` tinyint(1) NOT NULL DEFAULT 0 COMMENT 'this is message seen 0 meen not seen and 1 meen seen',
  `created_at` timestamp NULL DEFAULT NULL,
  `updated_at` timestamp NULL DEFAULT NULL
) ENGINE=InnoDB DEFAULT CHARSET=utf8mb4 COLLATE=utf8mb4_unicode_ci;

--
-- Dumping data for table `contact_uses`
--

INSERT INTO `contact_uses` (`id`, `name`, `email`, `age`, `phone`, `title`, `message`, `is_seen`, `created_at`, `updated_at`) VALUES
(2, 'name', 'ahmed@ahmed.com', 20, '01024756410', 'title', 'message', 1, '2023-09-27 14:16:32', '2023-09-27 15:16:54'),
(3, 'name', 'ahmed@ahmed.com', 20, '01024756410', 'title', 'message', 0, '2023-09-30 09:02:36', '2023-09-30 09:02:36'),
(4, 'name', 'ahmed@ahmed.com', 20, '01024756410', 'title', 'message', 0, '2023-09-30 09:02:39', '2023-09-30 09:02:39'),
(5, 'sayed', 'sayed@sayed.com', 20, '01024756410', 'this is my addres', 'this is my addres this is my addres this is my addres this is my addres', 0, '2023-09-30 09:04:02', '2023-09-30 09:04:02'),
(6, 'sayed', 'sayed@sayed.com', 20, '01024756410', 'this is my addres', 'this is my addres this is my addres this is my addres this is my addres', 0, '2023-09-30 09:12:31', '2023-09-30 09:12:31'),
(7, 'sayed', 'sayed@sayed.com', 20, '01024756410', 'this is my addres', 'this is my addres this is my addres this is my addres this is my addres', 0, '2023-09-30 09:12:39', '2023-09-30 09:12:39'),
(8, 'sayed', 'sayed@sayed.com', 20, '01024756410', 'this is my addres', 'this is my addres this is my addres this is my addres this is my addres', 0, '2023-09-30 09:19:34', '2023-09-30 09:19:34'),
(9, 'sayed', 'sayed@sayed.com', 20, '01024756410', 'this is my addres', 'this is my addres this is my addres this is my addres this is my addres', 0, '2023-09-30 09:19:39', '2023-09-30 09:19:39'),
(10, 'sayed', 'sayed@sayed.com', 20, '01024756410', 'this is my addres', 'this is my addres this is my addres this is my addres this is my addres', 0, '2023-09-30 09:21:38', '2023-09-30 09:21:38'),
(11, 'vemail', 'ahmed@ahmed.com', 44, '01024756410', 'email', 'email', 0, '2023-10-02 15:02:51', '2023-10-02 15:02:51'),
(12, 'vemail', 'ahmed@ahmed.com', 44, '01024756410', 'email', 'email', 0, '2023-10-02 15:03:04', '2023-10-02 15:03:04'),
(13, 'vemail', 'ahmed@ahmed.com', 44, '01024756410', 'email', 'email', 0, '2023-10-02 15:03:19', '2023-10-02 15:03:19'),
(14, 'vemail', 'ahmed@ahmed.com', 44, '01024756410', 'email', 'email', 0, '2023-10-02 15:03:30', '2023-10-02 15:03:30'),
(15, 'سسسس', 'ahmed@ahmed.com', 2, '01024756410', 'swal2-popup swal2-toast swal2-icon-success swal2-hide', 'swal2-popup swal2-toast swal2-icon-success swal2-hide', 0, '2023-10-02 15:04:45', '2023-10-02 15:04:45'),
(16, 'vdssssss', 'ahmed@ahmed.com', 2, '010247564010', 'vdssssss', 'vdssssss', 0, '2023-10-02 15:06:15', '2023-10-02 15:06:15'),
(17, '.sweet-overlay', 'ahmed@ahmed.com', 2, '2', '.sweet-overlay', '.sweet-overlay.sweet-overlay', 0, '2023-10-02 15:08:19', '2023-10-02 15:08:19'),
(18, '100000000000', 'ahmed@ahmed.com', 3, '01024756410', '100000000000', '100000000000', 0, '2023-10-02 15:10:40', '2023-10-02 15:10:40'),
(19, '\"تم ارسال الرساله بنجاح\"', 'ahmed@ahmed.com', 22, '01024756410', '\"تم ارسال الرساله بنجاح\"', '\"تم ارسال الرساله بنجاح\"', 0, '2023-10-02 15:11:31', '2023-10-02 15:11:31');

-- --------------------------------------------------------

--
-- Table structure for table `coverages`
--

CREATE TABLE `coverages` (
  `id` bigint(20) UNSIGNED NOT NULL,
  `title` varchar(255) NOT NULL COMMENT 'this is coverages title',
  `coverage_date` timestamp NOT NULL DEFAULT current_timestamp() ON UPDATE current_timestamp() COMMENT 'this is coverages data',
  `video_id` text NOT NULL COMMENT 'this field about coverage youtupe url video',
  `active` tinyint(1) NOT NULL COMMENT 'this coverage status',
  `created_at` timestamp NULL DEFAULT NULL,
  `updated_at` timestamp NULL DEFAULT NULL
) ENGINE=InnoDB DEFAULT CHARSET=utf8mb4 COLLATE=utf8mb4_unicode_ci;

--
-- Dumping data for table `coverages`
--

INSERT INTO `coverages` (`id`, `title`, `coverage_date`, `video_id`, `active`, `created_at`, `updated_at`) VALUES
(2, 'السعوديه تحقق المركز الاول عالميا في جائزه مشروع الابتكار11', '2009-09-08 21:00:00', 'Xe-gFvBfZPc', 1, '2023-09-30 15:35:19', '2023-10-01 05:13:38'),
(3, 'السعوديه تحقق المركز الاول عالميا في جائزه مشروع الابتكار2', '2008-08-07 22:00:00', 'iUo7h7398jw', 1, '2023-09-30 15:36:12', '2023-09-30 15:36:12'),
(4, 'السعودية تحقق المركز الأول في جائزة مشروع', '2000-03-29 22:00:00', 'Xe-gFvBfZPc', 1, '2023-09-30 15:37:00', '2023-09-30 15:37:00'),
(5, 'المنتخب السعودي للروبوت في يومه الأول من البطولة العالمية لدوري فيرست', '2023-10-02 16:35:12', 'iUo7h7398jw', 1, '2023-09-30 15:37:57', '2023-10-02 13:35:12'),
(6, 'المنتخب السعودي للروبوت في يومه الاول من البطوله العالميه لدوري فيرست', '2023-10-01 21:00:00', 'Xe-gFvBfZPc', 1, '2023-10-02 13:36:15', '2023-10-02 13:36:15');

-- --------------------------------------------------------

--
-- Table structure for table `directors`
--

CREATE TABLE `directors` (
  `id` bigint(20) UNSIGNED NOT NULL,
  `image` varchar(255) NOT NULL,
  `name` varchar(255) NOT NULL,
  `title` varchar(255) NOT NULL,
  `jop` varchar(255) NOT NULL,
  `active` varchar(255) NOT NULL DEFAULT '1',
  `created_at` timestamp NULL DEFAULT NULL,
  `updated_at` timestamp NULL DEFAULT NULL
) ENGINE=InnoDB DEFAULT CHARSET=utf8mb4 COLLATE=utf8mb4_unicode_ci;

--
-- Dumping data for table `directors`
--

INSERT INTO `directors` (`id`, `image`, `name`, `title`, `jop`, `active`, `created_at`, `updated_at`) VALUES
(4, '1696182179_dirct1.svg.svg', 'وائل سرحان', 'الاستاذ', '(رئيس مجلس الإدارة)', '1', '2023-09-28 13:42:04', '2023-10-01 14:42:59'),
(5, '1696182201_director2.svg.svg', 'يوسف اليوسفي', 'الأستاذ', '(نائب رئيس مجلس الإدارة) (عضو اللجنة الاستثمارية وتنمية الإيرادات)', '1', '2023-10-01 14:43:21', '2023-10-01 14:43:21'),
(6, '1696182224_director3.svg.svg', 'حسين الحلاف', 'الدكتور', '(رئيس اللجنة الفنية)', '1', '2023-10-01 14:43:44', '2023-10-01 14:43:44'),
(7, '1696182245_director4.svg.svg', 'سلطان المورقي', 'الدكتور', '(عضو اللجنة الفنية))', '1', '2023-10-01 14:44:05', '2023-10-01 14:44:05'),
(8, '1696182266_director5.svg.svg', 'مشعل الصقير', 'الدكتور', '(رئيس لجنة المراجعة الداخلية)', '1', '2023-10-01 14:44:26', '2023-10-01 14:44:26'),
(9, '1696182287_director6.svg.svg', 'عذاري المبارك', 'الأستاذة', '(رئيس اللجنة الفنية)', '1', '2023-10-01 14:44:47', '2023-10-01 14:44:47'),
(10, '1696182308_director7.svg.svg', 'ريم الخيّال', 'الأستاذة', '(رئيس لجنة أوضاع اللاعبين)', '1', '2023-10-01 14:45:08', '2023-10-01 14:45:08');

-- --------------------------------------------------------

--
-- Table structure for table `events`
--

CREATE TABLE `events` (
  `id` bigint(20) UNSIGNED NOT NULL,
  `name` varchar(255) NOT NULL COMMENT 'this is event name',
  `event_date` timestamp NOT NULL DEFAULT current_timestamp() ON UPDATE current_timestamp() COMMENT 'this is event data',
  `overview` text NOT NULL COMMENT 'this is overview about event',
  `full_description` text NOT NULL COMMENT 'this is full description about event and this is created with ck editor',
  `slug` varchar(255) NOT NULL COMMENT 'this is slug whech we search us it',
  `image` varchar(255) NOT NULL COMMENT 'this event image',
  `active` tinyint(1) NOT NULL COMMENT 'this event status',
  `page_keywords` text NOT NULL,
  `page_description` text NOT NULL,
  `created_at` timestamp NULL DEFAULT NULL,
  `updated_at` timestamp NULL DEFAULT NULL
) ENGINE=InnoDB DEFAULT CHARSET=utf8mb4 COLLATE=utf8mb4_unicode_ci;

--
-- Dumping data for table `events`
--

INSERT INTO `events` (`id`, `name`, `event_date`, `overview`, `full_description`, `slug`, `image`, `active`, `page_keywords`, `page_description`, `created_at`, `updated_at`) VALUES
(1, 'الفاعليه الثانيه', '2023-10-02 16:38:53', '<p>محتوي الفاعليه الثانيه</p>', '<p>محتوي الفاعليه الثانيه</p>', 'الفاعليه-الثانيه', '1693909009_download (9).jpg.jpg', 0, 'محتوي الفاعليه الثانيه', 'محتوي الفاعليه الثانيه', '2023-09-05 07:16:50', '2023-10-02 13:38:53'),
(2, 'الفاعليه الاولي', '2023-10-02 16:38:54', '<p>محتوي الفاعليه الاولي</p>', '<p>محتوي الفاعليه الاولي</p>', 'الفاعليه-الاولي', '1693919318_download (6).jpg.jpg', 0, 'محتوي الفاعليه الاولي', 'محتوي الفاعليه الاولي', '2023-09-05 10:08:38', '2023-10-02 13:38:54'),
(3, 'الفاعليه الثالثه', '2023-10-02 16:38:56', '<p>محتوي الفاعليه الثالثه</p>', '<p>محتوي الفاعليه الثالثه</p>', 'الفاعليه-الثالثه', '1693919379_download (8).jpg.jpg', 0, 'محتوي الفاعليه الثالثه', 'محتوي الفاعليه الثالثه', '2023-09-05 10:09:39', '2023-10-02 13:38:56'),
(4, 'الفاعليه الرابعه', '2023-10-02 16:38:58', '<p>محتوي الفاعليه الرابعه</p>', '<p>محتوي الفاعليه الرابعه</p>', 'الفاعليه-الرابعه', '1693919424_download (3).jpg.jpg', 0, 'محتوي الفاعليه الرابعه', 'محتوي الفاعليه الرابعه', '2023-09-05 10:10:24', '2023-10-02 13:38:58'),
(5, 'الفاعليه الخامسه', '2023-10-02 16:39:00', '<p>&nbsp;محتوي الفاعليه الخامسه&nbsp;</p>', '<p>&nbsp;محتوي الفاعليه الخامسه&nbsp;</p>', 'الفاعليه-الخامسه', '1693919476_download (4).jpg.jpg', 0, 'محتوي الفاعليه الخامسه', 'محتوي الفاعليه الخامسه', '2023-09-05 10:11:16', '2023-10-02 13:39:00'),
(6, 'ssssssssss', '2023-10-02 16:39:04', '<p>ssssssssss</p>', '<p>ssssssssss</p>', 'ssssssssss', '1695992389_12.jpeg.jpeg', 0, 'ssssssssss', 'ssssssssss', '2023-09-29 10:59:30', '2023-10-02 13:39:04'),
(7, 'الإتحاد يطلق بطولة الطائرات اللاسلكية', '2000-07-07 21:00:00', '<p>مسابقة عالمية تهدف إلى تمكين ودعم إبداعات الشباب لتطوير العديد من المجالات عن طريق استهداف فئة عمرية واسعة بين 9 و 25 عام للمنافسة في الروبوت والذكاء الاصطناعي وتقام سنويًا بتحديات رياضية وتقنية تحت عنوان موضوع متغير سنويُا قائم على حل مشكلة عالم</p><p>&nbsp;</p>', '<p>أنشئت وزارة الرياضة الاتحاد السعودي للروبوت والرياضات اللاسلكية عام 2017 تحقيقًا لأهداف رؤية المملكة 2030 في تعزيز مهارات المستقبل للأفراد، فالاتحاد ينظم جميع الرياضات اللاسلكية وفعاليات الروبوت في المملكة. ينظم الاتحاد عددًا من المسابقات والفعاليات للرياضات اللاسلكية مثل: القوارب اللاسلكية و الطائرات اللاسلكية والسيارات اللاسلكية، بالإضافة إلى تنظيم الفعاليات والمسابقات الخاصة بالروبوت والذكاء الاصطناعي.</p><p>&nbsp;</p>', 'الإتحاد-يطلق-بطولة-الطائرات-اللاسلكية', '1696264727_event1.jpg.jpg', 1, 'أنشئت وزارة الرياضة الاتحاد السعودي للروبوت والرياضات اللاسلكية عام 2017 تحقيقًا لأهداف رؤية المملكة 2030 في تعزيز مهارات المستقبل للأفراد، فالاتحاد ينظم جميع الرياضات اللاسلكية وفعاليات الروبوت في المملكة. ينظم الاتحاد عددًا من المسابقات والفعاليات للرياضات اللاسلكية مثل: القوارب اللاسلكية و الطائرات اللاسلكية والسيارات اللاسلكية، بالإضافة إلى تنظيم الفعاليات والمسابقات الخاصة بالروبوت والذكاء الاصطناعي.', 'أنشئت وزارة الرياضة الاتحاد السعودي للروبوت والرياضات اللاسلكية عام 2017 تحقيقًا لأهداف رؤية المملكة 2030 في تعزيز مهارات المستقبل للأفراد، فالاتحاد ينظم جميع الرياضات اللاسلكية وفعاليات الروبوت في المملكة. ينظم الاتحاد عددًا من المسابقات والفعاليات للرياضات اللاسلكية مثل: القوارب اللاسلكية و الطائرات اللاسلكية والسيارات اللاسلكية، بالإضافة إلى تنظيم الفعاليات والمسابقات الخاصة بالروبوت والذكاء الاصطناعي.', '2023-10-02 13:38:47', '2023-10-02 13:38:47'),
(8, 'بطولة الأولمبياد العالمي للروبوت', '2000-09-21 21:00:00', '<p>مسابقة عالمية تهدف إلى تمكين ودعم إبداعات الشباب لتطوير العديد من المجالات عن طريق استهداف فئة عمرية واسعة بين 9 و 25 عام للمنافسة في الروبوت والذكاء الاصطناعي وتقام سنويًا بتحديات رياضية وتقنية تحت عنوان موضوع متغير سنويُا قائم على حل مشكلة عالم</p><p>&nbsp;</p>', '<p>أنشئت وزارة الرياضة الاتحاد السعودي للروبوت والرياضات اللاسلكية عام 2017 تحقيقًا لأهداف رؤية المملكة 2030 في تعزيز مهارات المستقبل للأفراد، فالاتحاد ينظم جميع الرياضات اللاسلكية وفعاليات الروبوت في المملكة. ينظم الاتحاد عددًا من المسابقات والفعاليات للرياضات اللاسلكية مثل: القوارب اللاسلكية و الطائرات اللاسلكية والسيارات اللاسلكية، بالإضافة إلى تنظيم الفعاليات والمسابقات الخاصة بالروبوت والذكاء الاصطناعي.</p>', 'بطولة-الأولمبياد-العالمي-للروبوت', '1696264785_event2.jpg.jpg', 1, 'أنشئت وزارة الرياضة الاتحاد السعودي للروبوت والرياضات اللاسلكية عام 2017 تحقيقًا لأهداف رؤية المملكة 2030 في تعزيز مهارات المستقبل للأفراد، فالاتحاد ينظم جميع الرياضات اللاسلكية وفعاليات الروبوت في المملكة. ينظم الاتحاد عددًا من المسابقات والفعاليات للرياضات اللاسلكية مثل: القوارب اللاسلكية و الطائرات اللاسلكية والسيارات اللاسلكية، بالإضافة إلى تنظيم الفعاليات والمسابقات الخاصة بالروبوت والذكاء الاصطناعي.', 'أنشئت وزارة الرياضة الاتحاد السعودي للروبوت والرياضات اللاسلكية عام 2017 تحقيقًا لأهداف رؤية المملكة 2030 في تعزيز مهارات المستقبل للأفراد، فالاتحاد ينظم جميع الرياضات اللاسلكية وفعاليات الروبوت في المملكة. ينظم الاتحاد عددًا من المسابقات والفعاليات للرياضات اللاسلكية مثل: القوارب اللاسلكية و الطائرات اللاسلكية والسيارات اللاسلكية، بالإضافة إلى تنظيم الفعاليات والمسابقات الخاصة بالروبوت والذكاء الاصطناعي.', '2023-10-02 13:39:45', '2023-10-02 14:00:21');

-- --------------------------------------------------------

--
-- Table structure for table `event_recordings`
--

CREATE TABLE `event_recordings` (
  `id` bigint(20) UNSIGNED NOT NULL,
  `name` varchar(255) NOT NULL,
  `age` int(11) NOT NULL,
  `email` varchar(255) NOT NULL,
  `mobile` varchar(255) NOT NULL,
  `event_id` bigint(20) UNSIGNED NOT NULL,
  `is_seen` tinyint(1) NOT NULL DEFAULT 0,
  `created_at` timestamp NULL DEFAULT NULL,
  `updated_at` timestamp NULL DEFAULT NULL
) ENGINE=InnoDB DEFAULT CHARSET=utf8mb4 COLLATE=utf8mb4_unicode_ci;

--
-- Dumping data for table `event_recordings`
--

INSERT INTO `event_recordings` (`id`, `name`, `age`, `email`, `mobile`, `event_id`, `is_seen`, `created_at`, `updated_at`) VALUES
(1, 'name', 124, 'email@email.com', '01024756410', 1, 0, '2023-09-30 09:43:25', '2023-09-30 09:43:25'),
(2, 'name', 124, 'email@email.com', '01024756410', 2, 0, '2023-09-30 09:43:29', '2023-09-30 09:43:29'),
(3, 'name', 124, 'email@email.com', '01024756410', 3, 0, '2023-09-30 09:43:33', '2023-09-30 09:43:33'),
(4, 'name', 124, 'email@email.com', '01024756410', 5, 0, '2023-09-30 09:43:38', '2023-09-30 09:43:38'),
(5, 'ahmed', 124, 'email@email.com', '01024756410', 5, 0, '2023-09-30 10:48:46', '2023-09-30 10:48:46'),
(6, 'ahmed reda zaky', 24, 'ahmed@ahmed.com', '01024756410', 7, 0, '2023-10-03 16:42:18', '2023-10-03 16:42:18'),
(7, 'alert(\"تم التسجيل في الحدث بنجاح\")', 19, 'sayed@sayed.com', '01024756410', 7, 0, '2023-10-03 16:43:54', '2023-10-03 16:43:54');

-- --------------------------------------------------------

--
-- Table structure for table `failed_jobs`
--

CREATE TABLE `failed_jobs` (
  `id` bigint(20) UNSIGNED NOT NULL,
  `uuid` varchar(255) NOT NULL,
  `connection` text NOT NULL,
  `queue` text NOT NULL,
  `payload` longtext NOT NULL,
  `exception` longtext NOT NULL,
  `failed_at` timestamp NOT NULL DEFAULT current_timestamp()
) ENGINE=InnoDB DEFAULT CHARSET=utf8mb4 COLLATE=utf8mb4_unicode_ci;

-- --------------------------------------------------------

--
-- Table structure for table `heroes`
--

CREATE TABLE `heroes` (
  `id` bigint(20) UNSIGNED NOT NULL,
  `name` varchar(255) NOT NULL,
  `description` varchar(255) NOT NULL,
  `image` varchar(255) NOT NULL,
  `active` varchar(255) NOT NULL,
  `page_keywords` text NOT NULL,
  `page_description` text NOT NULL,
  `created_at` timestamp NULL DEFAULT NULL,
  `updated_at` timestamp NULL DEFAULT NULL
) ENGINE=InnoDB DEFAULT CHARSET=utf8mb4 COLLATE=utf8mb4_unicode_ci;

--
-- Dumping data for table `heroes`
--

INSERT INTO `heroes` (`id`, `name`, `description`, `image`, `active`, `page_keywords`, `page_description`, `created_at`, `updated_at`) VALUES
(1, 'احمد رضا', '<p>افضل لاعب في تحدي الروبوت الافتراضي</p>', '1696178201_xxxxxx.svg.svg', '1', 'وصف البطل الاول سيو', 'وصف البطل الاول سيو', '2023-09-06 03:54:09', '2023-10-01 13:43:06'),
(3, 'عبد الله العجاجي', '<p>افضل لاعب في تحدي الروبوت الافتراضي</p>', '1696178215_xxxxxx.svg.svg', '1', 'وصف البطل الثالث سيو', 'وصف البطل الثالث سيو', '2023-09-06 04:39:07', '2023-10-01 13:43:11'),
(4, 'السيد الحضري', '<p>افضل لاعب في تحدي الروبوت الافتراضي</p>', '1696178275_xxxxxx.svg.svg', '1', 'البطل حسين السيد سيو', 'البطل حسين السيد سيو', '2023-09-06 04:39:40', '2023-10-01 13:43:20'),
(5, 'محمود المرسي', '<p>افضل لاعب في تحدي الروبوت الافتراضي</p>', '1696178284_xxxxxx.svg.svg', '1', 'وصف البطل الاول سيو', 'وصف البطل الاول سيو', '2023-09-06 04:42:30', '2023-10-01 13:43:36'),
(6, 'البطل الخامس', '<p>افضل لاعب في تحدي الروبوت الافتراضي</p>', '1696178299_xxxxxx.svg.svg', '1', 'وصف البطل الخامس سيو', 'وصف البطل الخامس سيو', '2023-09-06 04:44:29', '2023-09-07 04:09:39'),
(7, 'البطل السادس', '<p>وصف البطل السادس</p>', '1693986304_hero8.jpg.jpg', '0', 'وصف البطل السادس سيو', 'وصف البطل السادس سيو', '2023-09-06 04:45:04', '2023-09-06 04:54:28'),
(8, 'البطل الثامن', '<p>وصف البطل الثامن</p>', '1693986344_hero9.jpg.jpg', '0', 'وصف البطل الثامن سيو', 'وصف البطل الثامن سيو', '2023-09-06 04:45:44', '2023-09-06 04:54:32'),
(9, 'وصف البطل الثامن سيو', '<p>وصف البطل الثامن سيو</p>', '1693986367_hero7.jpg.jpg', '1', 'وصف البطل الثامن سيو', 'وصف البطل الثامن سيو', '2023-09-06 04:46:07', '2023-09-06 04:50:27');

-- --------------------------------------------------------

--
-- Table structure for table `migrations`
--

CREATE TABLE `migrations` (
  `id` int(10) UNSIGNED NOT NULL,
  `migration` varchar(255) NOT NULL,
  `batch` int(11) NOT NULL
) ENGINE=InnoDB DEFAULT CHARSET=utf8mb4 COLLATE=utf8mb4_unicode_ci;

--
-- Dumping data for table `migrations`
--

INSERT INTO `migrations` (`id`, `migration`, `batch`) VALUES
(1, '2014_10_12_000000_create_users_table', 1),
(2, '2014_10_12_100000_create_password_resets_table', 1),
(3, '2019_08_19_000000_create_failed_jobs_table', 1),
(4, '2019_12_14_000001_create_personal_access_tokens_table', 1),
(5, '2023_08_22_084309_create_events_table', 1),
(6, '2023_08_23_080923_create_news_table', 1),
(7, '2023_08_23_100359_create_coverages_table', 1),
(8, '2023_08_23_125047_create_achivements_table', 1),
(9, '2023_08_24_073022_create_statistics_table', 1),
(10, '2023_08_24_075948_create_heroes_table', 1),
(11, '2023_08_24_090742_create_sponsers_table', 1),
(12, '2023_08_24_104815_create_contact_uses_table', 1),
(13, '2023_08_24_114912_create_setings_table', 1),
(14, '2023_08_27_052722_create_reports_table', 1),
(15, '2023_08_27_063053_create_directors_table', 1),
(16, '2023_08_27_073047_create_about_uses_table', 1),
(18, '2023_09_03_063554_create_permission_tables', 1),
(20, '2023_08_27_083501_create_event_recordings_table', 2);

-- --------------------------------------------------------

--
-- Table structure for table `model_has_permissions`
--

CREATE TABLE `model_has_permissions` (
  `permission_id` bigint(20) UNSIGNED NOT NULL,
  `model_type` varchar(255) NOT NULL,
  `model_id` bigint(20) UNSIGNED NOT NULL
) ENGINE=InnoDB DEFAULT CHARSET=utf8mb4 COLLATE=utf8mb4_unicode_ci;

-- --------------------------------------------------------

--
-- Table structure for table `model_has_roles`
--

CREATE TABLE `model_has_roles` (
  `role_id` bigint(20) UNSIGNED NOT NULL,
  `model_type` varchar(255) NOT NULL,
  `model_id` bigint(20) UNSIGNED NOT NULL
) ENGINE=InnoDB DEFAULT CHARSET=utf8mb4 COLLATE=utf8mb4_unicode_ci;

--
-- Dumping data for table `model_has_roles`
--

INSERT INTO `model_has_roles` (`role_id`, `model_type`, `model_id`) VALUES
(1, 'App\\Models\\User', 1),
(1, 'App\\Models\\User', 5),
(3, 'App\\Models\\User', 2),
(3, 'App\\Models\\User', 6),
(3, 'App\\Models\\User', 7),
(3, 'App\\Models\\User', 8),
(3, 'App\\Models\\User', 9);

-- --------------------------------------------------------

--
-- Table structure for table `news`
--

CREATE TABLE `news` (
  `id` bigint(20) UNSIGNED NOT NULL,
  `title` varchar(255) NOT NULL COMMENT 'this is news title',
  `news_date` timestamp NOT NULL DEFAULT current_timestamp() ON UPDATE current_timestamp() COMMENT 'this is news data',
  `full_description` text NOT NULL COMMENT 'this is full description about news and this is created with ck editor',
  `slug` varchar(255) NOT NULL COMMENT 'this is slug whech we search us it',
  `image` varchar(255) NOT NULL COMMENT 'this news image',
  `active` tinyint(1) NOT NULL COMMENT 'this news status',
  `page_keywords` text NOT NULL,
  `page_description` text NOT NULL,
  `created_at` timestamp NULL DEFAULT NULL,
  `updated_at` timestamp NULL DEFAULT NULL
) ENGINE=InnoDB DEFAULT CHARSET=utf8mb4 COLLATE=utf8mb4_unicode_ci;

--
-- Dumping data for table `news`
--

INSERT INTO `news` (`id`, `title`, `news_date`, `full_description`, `slug`, `image`, `active`, `page_keywords`, `page_description`, `created_at`, `updated_at`) VALUES
(2, 'الخبر الاول', '2023-10-01 14:32:51', '<p>محتوي الخبر الاول</p>', 'الخبر-الاول', '1693918923_download (6).jpg.jpg', 0, 'محتوي الخبر الاول', 'محتوي الخبر الاول', '2023-09-05 10:02:03', '2023-10-01 11:32:51'),
(3, 'الخبر الثالث', '2023-10-01 14:32:53', '<p>محتوي الخبر الثالث</p>', 'الخبر-الثالث', '1693919200_download (3).jpg.jpg', 0, 'محتوي الخبر الثالث', 'محتوي الخبر الثالث', '2023-09-05 10:06:40', '2023-10-01 11:32:53'),
(4, 'الخبر الرابع', '2023-10-01 14:32:55', '<p>محتوي الخبر الرابع</p>', 'الخبر-الرابع', '1693919237_download (7).jpg.jpg', 0, 'محتوي الخبر الرابع', 'محتوي الخبر الرابع', '2023-09-05 10:07:17', '2023-10-01 11:32:55'),
(5, 'الخبر الخامس', '2023-10-02 16:19:52', '<p>محتوي الخبر الخامس</p>', 'الخبر-الخامس', '1693919280_download.jpg.jpg', 0, 'محتوي الخبر الخامس', 'محتوي الخبر الخامس', '2023-09-05 10:07:53', '2023-10-02 13:19:52'),
(6, 'ssssssssss', '2023-10-02 16:21:08', '<p>ssssssssss</p>', 'ssssssssss', '1695992464_12.jpeg.jpeg', 0, 'ssssssssss', 'ssssssssss', '2023-09-29 11:00:48', '2023-10-02 13:21:08'),
(7, 'سسسسس', '2023-10-01 14:33:03', '<p>سسسسس</p>', 'سسسسس', '1695999598_WhatsApp Image 2022-11-28 at 5.43.37 PM.jpeg.jpeg', 0, 'سسسسس', 'سسسسس', '2023-09-29 12:59:58', '2023-10-01 11:33:03'),
(8, 'السعودية تحقق المركز الأول في جائزة مشروع الابتكار', '2023-09-30 21:00:00', '<p>نبارك للمنتخب السعودي المشارك في بطولة الفيرست ليغو الدولية بالمملكة المغربية بتحقيقه المركز الأول في جائزة مشروع الا ابتكار.نبارك للمنتخب السعودي المشارك في بطولة الفيرست ليغو الدولية المفتوحة⁩ بالمملكة المغربية بتحقيقه المركز الأول في جائزة مشروع الا ابتكار.نبارك للمنتخب السعودي المشارك في بطولة الفيرست ليغو الدولية المفتوحة⁩ بالمملكة المغربية بتحقيقه المركز الأول في جائزة مشروع الا ابتكار.</p><p>نبارك للمنتخب السعودي المشارك في بطولة الفيرست ليغو الدولية بالمملكة المغربية بتحقيقه المركز الأول في جائزة مشروع الا ابتكار.نبارك للمنتخب السعودي المشارك في بطولة الفيرست ليغو الدولية بالمملكة المغربية بتحقيقه المركز الأول في جائزة مشروع الا ابتكار.نبارك للمنتخب السعودي المشارك في بطولة الفيرست ليغو الدولية بالمملكة المغربية بتحقيقه المركز الأول في جائزة مشروع الا ابتكار.</p>', 'السعودية-تحقق-المركز-الأول-في-جائزة-مشروع-الابتكار', '1696170927_news.svg.svg', 1, 'نبارك للمنتخب السعودي المشارك في بطولة الفيرست ليغو الدولية المفتوحة بالمملكة المغربية بتحقيقه المركز الأول في جائزة مشروع الا ابتكار.', 'نبارك للمنتخب السعودي المشارك في بطولة الفيرست ليغو الدولية المفتوحة بالمملكة المغربية بتحقيقه المركز الأول في جائزة مشروع الا ابتكار.', '2023-10-01 11:35:27', '2023-10-03 14:42:10'),
(9, 'السعودية تحقق المركز الأول في جائزة مشروع الابتكار2', '2023-09-30 21:00:00', '<p>نبارك للمنتخب السعودي المشارك في بطولة الفيرست ليغو الدولية بالمملكة المغربية بتحقيقه المركز الأول في جائزة مشروع الا ابتكار.نبارك للمنتخب السعودي المشارك في بطولة الفيرست ليغو الدولية المفتوحة⁩ بالمملكة المغربية بتحقيقه المركز الأول في جائزة مشروع الا ابتكار.نبارك للمنتخب السعودي المشارك في بطولة الفيرست ليغو الدولية المفتوحة⁩ بالمملكة المغربية بتحقيقه المركز الأول في جائزة مشروع الا ابتكار.</p><p>نبارك للمنتخب السعودي المشارك في بطولة الفيرست ليغو الدولية بالمملكة المغربية بتحقيقه المركز الأول في جائزة مشروع الا ابتكار.نبارك للمنتخب السعودي المشارك في بطولة الفيرست ليغو الدولية بالمملكة المغربية بتحقيقه المركز الأول في جائزة مشروع الا ابتكار.نبارك للمنتخب السعودي المشارك في بطولة الفيرست ليغو الدولية بالمملكة المغربية بتحقيقه المركز الأول في جائزة مشروع الا ابتكار.</p>', 'السعودية-تحقق-المركز-الأول-في-جائزة-مشروع-الابتكار2', '1696171044_Rectangle_14.svg.svg', 1, 'السعودية تحقق المركز الأول في جائزة مشروع الابتكار السعودية تحقق المركز الأول في جائزة مشروع الابتكار السعودية تحقق المركز الأول في جائزة مشروع الابتكار', 'السعودية تحقق المركز الأول في جائزة مشروع الابتكار السعودية تحقق المركز الأول في جائزة مشروع الابتكار السعودية تحقق المركز الأول في جائزة مشروع الابتكار', '2023-10-01 11:37:24', '2023-10-03 14:42:28'),
(10, 'السعودية تحقق المركز الأول في جائزة مشروع الابتكار السعودية', '2023-09-30 21:00:00', '<p>نبارك للمنتخب السعودي المشارك في بطولة الفيرست ليغو الدولية بالمملكة المغربية بتحقيقه المركز الأول في جائزة مشروع الا ابتكار.نبارك للمنتخب السعودي المشارك في بطولة الفيرست ليغو الدولية المفتوحة⁩ بالمملكة المغربية بتحقيقه المركز الأول في جائزة مشروع الا ابتكار.نبارك للمنتخب السعودي المشارك في بطولة الفيرست ليغو الدولية المفتوحة⁩ بالمملكة المغربية بتحقيقه المركز الأول في جائزة مشروع الا ابتكار.</p><p>نبارك للمنتخب السعودي المشارك في بطولة الفيرست ليغو الدولية بالمملكة المغربية بتحقيقه المركز الأول في جائزة مشروع الا ابتكار.نبارك للمنتخب السعودي المشارك في بطولة الفيرست ليغو الدولية بالمملكة المغربية بتحقيقه المركز الأول في جائزة مشروع الا ابتكار.نبارك للمنتخب السعودي المشارك في بطولة الفيرست ليغو الدولية بالمملكة المغربية بتحقيقه المركز الأول في جائزة مشروع الا ابتكار.</p>', 'السعودية-تحقق-المركز-الأول-في-جائزة-مشروع-الابتكار-السعودية', '1696171076_Rectangle_15.svg.svg', 1, 'السعودية تحقق المركز الأول في جائزة مشروع الابتكار السعودية تحقق المركز الأول في جائزة مشروع الابتكار السعودية تحقق المركز الأول في جائزة مشروع الابتكار', 'السعودية تحقق المركز الأول في جائزة مشروع الابتكار السعودية تحقق المركز الأول في جائزة مشروع الابتكار السعودية تحقق المركز الأول في جائزة مشروع الابتكار', '2023-10-01 11:37:56', '2023-10-03 14:42:39'),
(11, 'السعودية تحقق المركز الأول في جائزة مشروع الابتكار السعودية 3', '2023-09-30 21:00:00', '<p>نبارك للمنتخب السعودي المشارك في بطولة الفيرست ليغو الدولية بالمملكة المغربية بتحقيقه المركز الأول في جائزة مشروع الا ابتكار.نبارك للمنتخب السعودي المشارك في بطولة الفيرست ليغو الدولية المفتوحة⁩ بالمملكة المغربية بتحقيقه المركز الأول في جائزة مشروع الا ابتكار.نبارك للمنتخب السعودي المشارك في بطولة الفيرست ليغو الدولية المفتوحة⁩ بالمملكة المغربية بتحقيقه المركز الأول في جائزة مشروع الا ابتكار.</p><p>نبارك للمنتخب السعودي المشارك في بطولة الفيرست ليغو الدولية بالمملكة المغربية بتحقيقه المركز الأول في جائزة مشروع الا ابتكار.نبارك للمنتخب السعودي المشارك في بطولة الفيرست ليغو الدولية بالمملكة المغربية بتحقيقه المركز الأول في جائزة مشروع الا ابتكار.نبارك للمنتخب السعودي المشارك في بطولة الفيرست ليغو الدولية بالمملكة المغربية بتحقيقه المركز الأول في جائزة مشروع الا ابتكار.</p>', 'السعودية-تحقق-المركز-الأول-في-جائزة-مشروع-الابتكار-السعودية-3', '1696171120_Rectangle_16.svg.svg', 1, 'السعودية تحقق المركز الأول في جائزة مشروع الابتكار السعودية تحقق المركز الأول في جائزة مشروع الابتكار السعودية تحقق المركز الأول في جائزة مشروع الابتكار', 'السعودية تحقق المركز الأول في جائزة مشروع الابتكار السعودية تحقق المركز الأول في جائزة مشروع الابتكار السعودية تحقق المركز الأول في جائزة مشروع الابتكار', '2023-10-01 11:38:40', '2023-10-03 14:42:51');

-- --------------------------------------------------------

--
-- Table structure for table `password_resets`
--

CREATE TABLE `password_resets` (
  `email` varchar(255) NOT NULL,
  `token` varchar(255) NOT NULL,
  `created_at` timestamp NULL DEFAULT NULL
) ENGINE=InnoDB DEFAULT CHARSET=utf8mb4 COLLATE=utf8mb4_unicode_ci;

-- --------------------------------------------------------

--
-- Table structure for table `permissions`
--

CREATE TABLE `permissions` (
  `id` bigint(20) UNSIGNED NOT NULL,
  `name` varchar(255) NOT NULL,
  `guard_name` varchar(255) NOT NULL,
  `created_at` timestamp NULL DEFAULT NULL,
  `updated_at` timestamp NULL DEFAULT NULL
) ENGINE=InnoDB DEFAULT CHARSET=utf8mb4 COLLATE=utf8mb4_unicode_ci;

--
-- Dumping data for table `permissions`
--

INSERT INTO `permissions` (`id`, `name`, `guard_name`, `created_at`, `updated_at`) VALUES
(1, 'اضافه مستخدم', 'Admin', '2023-09-04 04:50:37', '2023-09-04 04:50:37'),
(2, 'تعديل مستخدم', 'Admin', '2023-09-04 04:50:37', '2023-09-04 04:50:37'),
(3, 'تفاصيل المستخدم', 'Admin', '2023-09-04 04:50:37', '2023-09-04 04:50:37'),
(4, 'حذف مستخدم', 'Admin', '2023-09-04 04:50:37', '2023-09-04 04:50:37'),
(5, 'كل المستخدمين', 'Admin', '2023-09-04 04:50:37', '2023-09-04 04:50:37'),
(6, 'حاله المستخدم', 'Admin', '2023-09-04 04:50:38', '2023-09-04 04:50:38'),
(7, 'ارفاق صوره المستخدم', 'Admin', '2023-09-04 04:50:38', '2023-09-04 04:50:38'),
(8, 'اضافه حدث', 'Admin', '2023-09-04 04:50:38', '2023-09-04 04:50:38'),
(9, 'تعديل حدث', 'Admin', '2023-09-04 04:50:38', '2023-09-04 04:50:38'),
(10, 'تفاصيل الحدث', 'Admin', '2023-09-04 04:50:38', '2023-09-04 04:50:38'),
(11, 'حذف حدث', 'Admin', '2023-09-04 04:50:38', '2023-09-04 04:50:38'),
(12, 'كل الاحداث', 'Admin', '2023-09-04 04:50:38', '2023-09-04 04:50:38'),
(13, 'حاله الحدث', 'Admin', '2023-09-04 04:50:38', '2023-09-04 04:50:38'),
(14, 'ارفاق صوره الحدث', 'Admin', '2023-09-04 04:50:38', '2023-09-04 04:50:38'),
(15, 'اضافه خبر', 'Admin', '2023-09-04 04:50:38', '2023-09-04 04:50:38'),
(16, 'تعديل خبر', 'Admin', '2023-09-04 04:50:38', '2023-09-04 04:50:38'),
(17, 'تفاصيل الخبر', 'Admin', '2023-09-04 04:50:38', '2023-09-04 04:50:38'),
(18, 'حذف خبر', 'Admin', '2023-09-04 04:50:38', '2023-09-04 04:50:38'),
(19, 'كل الاخبار', 'Admin', '2023-09-04 04:50:38', '2023-09-04 04:50:38'),
(20, 'حاله الخبر', 'Admin', '2023-09-04 04:50:38', '2023-09-04 04:50:38'),
(21, 'ارفاق صوره الخبر', 'Admin', '2023-09-04 04:50:38', '2023-09-04 04:50:38'),
(22, 'اضافه تغطيه', 'Admin', '2023-09-04 04:50:38', '2023-09-04 04:50:38'),
(23, 'تعديل تغطيه', 'Admin', '2023-09-04 04:50:38', '2023-09-04 04:50:38'),
(24, 'تفاصيل التغطيه', 'Admin', '2023-09-04 04:50:38', '2023-09-04 04:50:38'),
(25, 'حذف تغطيه', 'Admin', '2023-09-04 04:50:38', '2023-09-04 04:50:38'),
(26, 'كل التغطيات', 'Admin', '2023-09-04 04:50:39', '2023-09-04 04:50:39'),
(27, 'حاله التغطيه', 'Admin', '2023-09-04 04:50:39', '2023-09-04 04:50:39'),
(28, 'ارفاق صوره التغطيه', 'Admin', '2023-09-04 04:50:39', '2023-09-04 04:50:39'),
(29, 'اضافه انجاز', 'Admin', '2023-09-04 04:50:39', '2023-09-04 04:50:39'),
(30, 'تعديل انجاز', 'Admin', '2023-09-04 04:50:39', '2023-09-04 04:50:39'),
(31, 'تفاصيل الانجاز', 'Admin', '2023-09-04 04:50:39', '2023-09-04 04:50:39'),
(32, 'حذف انجاز', 'Admin', '2023-09-04 04:50:39', '2023-09-04 04:50:39'),
(33, 'كل الانجازات', 'Admin', '2023-09-04 04:50:39', '2023-09-04 04:50:39'),
(34, 'حاله الانجاز', 'Admin', '2023-09-04 04:50:39', '2023-09-04 04:50:39'),
(35, 'ارفاق صوره الانجاز', 'Admin', '2023-09-04 04:50:39', '2023-09-04 04:50:39'),
(36, 'ارفاق الايكون الانجاز', 'Admin', '2023-09-04 04:50:39', '2023-09-04 04:50:39'),
(37, 'اضافه احصائيه', 'Admin', '2023-09-04 04:50:39', '2023-09-04 04:50:39'),
(38, 'تعديل احصائيه', 'Admin', '2023-09-04 04:50:39', '2023-09-04 04:50:39'),
(39, 'تفاصيل الاحصائيه', 'Admin', '2023-09-04 04:50:39', '2023-09-04 04:50:39'),
(40, 'حذف احصائيه', 'Admin', '2023-09-04 04:50:39', '2023-09-04 04:50:39'),
(41, 'كل الإحصائيات', 'Admin', '2023-09-04 04:50:40', '2023-09-04 04:50:40'),
(42, 'حاله الاحصائيه', 'Admin', '2023-09-04 04:50:40', '2023-09-04 04:50:40'),
(43, 'ارفاق صوره الاحصائيه', 'Admin', '2023-09-04 04:50:40', '2023-09-04 04:50:40'),
(44, 'اضافه بطل', 'Admin', '2023-09-04 04:50:40', '2023-09-04 04:50:40'),
(45, 'تعديل بطل', 'Admin', '2023-09-04 04:50:40', '2023-09-04 04:50:40'),
(46, 'تفاصيل البطل', 'Admin', '2023-09-04 04:50:40', '2023-09-04 04:50:40'),
(47, 'حذف بطل', 'Admin', '2023-09-04 04:50:40', '2023-09-04 04:50:40'),
(48, 'كل الابطال', 'Admin', '2023-09-04 04:50:40', '2023-09-04 04:50:40'),
(49, 'حاله البطل', 'Admin', '2023-09-04 04:50:40', '2023-09-04 04:50:40'),
(50, 'ارفاق صوره البطل', 'Admin', '2023-09-04 04:50:40', '2023-09-04 04:50:40'),
(51, 'اضافه داعم', 'Admin', '2023-09-04 04:50:40', '2023-09-04 04:50:40'),
(52, 'تعديل داعم', 'Admin', '2023-09-04 04:50:40', '2023-09-04 04:50:40'),
(53, 'تفاصيل الداعم', 'Admin', '2023-09-04 04:50:40', '2023-09-04 04:50:40'),
(54, 'حذف داعم', 'Admin', '2023-09-04 04:50:41', '2023-09-04 04:50:41'),
(55, 'كل الداعمين', 'Admin', '2023-09-04 04:50:41', '2023-09-04 04:50:41'),
(56, 'حاله الداعم', 'Admin', '2023-09-04 04:50:41', '2023-09-04 04:50:41'),
(57, 'ارفاق صوره الداعم', 'Admin', '2023-09-04 04:50:41', '2023-09-04 04:50:41'),
(58, 'كل الرسائل', 'Admin', '2023-09-04 04:50:41', '2023-09-04 04:50:41'),
(59, 'تعديل الرساله', 'Admin', '2023-09-04 04:50:41', '2023-09-04 04:50:41'),
(60, 'حذف الرساله', 'Admin', '2023-09-04 04:50:41', '2023-09-04 04:50:41'),
(61, 'تغير رؤيه الرساله', 'Admin', '2023-09-04 04:50:41', '2023-09-04 04:50:41'),
(62, 'اعدادات الموقع', 'Admin', '2023-09-04 04:50:41', '2023-09-04 04:50:41'),
(63, 'تعديل اعدادات الموقع', 'Admin', '2023-09-04 04:50:41', '2023-09-04 04:50:41'),
(64, 'تغير حاله الموقع', 'Admin', '2023-09-04 04:50:41', '2023-09-04 04:50:41'),
(65, 'ارفاق اللوجو العلوي للاعدادات', 'Admin', '2023-09-04 04:50:41', '2023-09-04 04:50:41'),
(66, 'ارفاق اللوجو السفلي للاعدادات', 'Admin', '2023-09-04 04:50:41', '2023-09-04 04:50:41'),
(67, 'اضافه تقرير', 'Admin', '2023-09-04 04:50:41', '2023-09-04 04:50:41'),
(68, 'تعديل تقرير', 'Admin', '2023-09-04 04:50:42', '2023-09-04 04:50:42'),
(69, 'تفاصيل التقرير', 'Admin', '2023-09-04 04:50:42', '2023-09-04 04:50:42'),
(70, 'حذف تقرير', 'Admin', '2023-09-04 04:50:42', '2023-09-04 04:50:42'),
(71, 'كل التقارير', 'Admin', '2023-09-04 04:50:42', '2023-09-04 04:50:42'),
(72, 'حاله التقرير', 'Admin', '2023-09-04 04:50:42', '2023-09-04 04:50:42'),
(73, 'ارفاق ملف التقرير', 'Admin', '2023-09-04 04:50:42', '2023-09-04 04:50:42'),
(74, 'اضافه مدير', 'Admin', '2023-09-04 04:50:42', '2023-09-04 04:50:42'),
(75, 'تعديل مدير', 'Admin', '2023-09-04 04:50:42', '2023-09-04 04:50:42'),
(76, 'تفاصيل المدير', 'Admin', '2023-09-04 04:50:42', '2023-09-04 04:50:42'),
(77, 'حذف مدير', 'Admin', '2023-09-04 04:50:42', '2023-09-04 04:50:42'),
(78, 'كل المديرين', 'Admin', '2023-09-04 04:50:42', '2023-09-04 04:50:42'),
(79, 'حاله المدير', 'Admin', '2023-09-04 04:50:42', '2023-09-04 04:50:42'),
(80, 'ارفاق صوره المدير', 'Admin', '2023-09-04 04:50:42', '2023-09-04 04:50:42'),
(81, 'صفحه عنا', 'Admin', '2023-09-04 04:50:42', '2023-09-04 04:50:42'),
(82, 'تعديل صفحه عنا', 'Admin', '2023-09-04 04:50:42', '2023-09-04 04:50:42'),
(83, 'كل التسجيلات الخاصه بالاحداث', 'Admin', '2023-09-04 04:50:43', '2023-09-04 04:50:43'),
(84, 'رؤيه التسجيل', 'Admin', '2023-09-04 04:50:43', '2023-09-04 04:50:43'),
(85, 'حذف التسجيل', 'Admin', '2023-09-04 04:50:43', '2023-09-04 04:50:43'),
(86, 'تغير حاله رؤيه التسجيل', 'Admin', '2023-09-04 04:50:43', '2023-09-04 04:50:43'),
(87, 'اضافه صلاحيه', 'Admin', '2023-09-04 04:50:43', '2023-09-04 04:50:43'),
(88, 'تعديل صلاحيه', 'Admin', '2023-09-04 04:50:43', '2023-09-04 04:50:43'),
(89, 'تفاصيل الصلاحيه', 'Admin', '2023-09-04 04:50:43', '2023-09-04 04:50:43'),
(90, 'حذف صلاحيه', 'Admin', '2023-09-04 04:50:43', '2023-09-04 04:50:43'),
(91, 'كل الصلحيات', 'Admin', '2023-09-04 04:50:43', '2023-09-04 04:50:43'),
(92, 'اضافه اذون', 'Admin', '2023-09-04 04:50:43', '2023-09-04 04:50:43'),
(93, 'تعديل اذون', 'Admin', '2023-09-04 04:50:44', '2023-09-04 04:50:44'),
(94, 'حذف اذون', 'Admin', '2023-09-04 04:50:44', '2023-09-04 04:50:44'),
(95, 'كل الاوذونات', 'Admin', '2023-09-04 04:50:44', '2023-09-04 04:50:44'),
(96, 'لوحه التحكم', 'Admin', NULL, NULL),
(97, 'تحميل اكسل التغطيه', 'Admin', NULL, NULL),
(98, 'تحميل اكسل الانجاز', 'Admin', NULL, NULL),
(99, 'تحميل اكسل الخبر', 'Admin', NULL, NULL),
(100, 'تحميل اكسل اذون', 'Admin', NULL, NULL),
(101, 'تحميل اكسل صلاحيه', 'Admin', NULL, NULL),
(102, 'تحميل اكسل الاحصائيه', 'Admin', NULL, NULL),
(103, 'تحميل اكسل الحدث', 'Admin', NULL, NULL),
(105, 'تحميل اكسل المستخدمين', 'Admin', NULL, NULL),
(106, 'تحميل اكسل البطل', 'Admin', NULL, NULL),
(107, 'تحميل اكسل الداعم', 'Admin', NULL, NULL),
(112, 'تفاصيل الرساله', 'Admin', NULL, NULL),
(115, 'تحميل اكسل الرسائل', 'Admin', NULL, NULL),
(116, 'تحميل اكسل المدير', 'Admin', NULL, NULL),
(117, 'تحميل اكسل التسجيلات', 'Admin', NULL, NULL);

-- --------------------------------------------------------

--
-- Table structure for table `personal_access_tokens`
--

CREATE TABLE `personal_access_tokens` (
  `id` bigint(20) UNSIGNED NOT NULL,
  `tokenable_type` varchar(255) NOT NULL,
  `tokenable_id` bigint(20) UNSIGNED NOT NULL,
  `name` varchar(255) NOT NULL,
  `token` varchar(64) NOT NULL,
  `abilities` text DEFAULT NULL,
  `last_used_at` timestamp NULL DEFAULT NULL,
  `created_at` timestamp NULL DEFAULT NULL,
  `updated_at` timestamp NULL DEFAULT NULL
) ENGINE=InnoDB DEFAULT CHARSET=utf8mb4 COLLATE=utf8mb4_unicode_ci;

-- --------------------------------------------------------

--
-- Table structure for table `reports`
--

CREATE TABLE `reports` (
  `id` bigint(20) UNSIGNED NOT NULL,
  `report_date` timestamp NOT NULL DEFAULT current_timestamp() ON UPDATE current_timestamp(),
  `title` varchar(255) NOT NULL,
  `overview` text NOT NULL,
  `pdf` varchar(255) NOT NULL,
  `active` tinyint(1) NOT NULL DEFAULT 1,
  `created_at` timestamp NULL DEFAULT NULL,
  `updated_at` timestamp NULL DEFAULT NULL
) ENGINE=InnoDB DEFAULT CHARSET=utf8mb4 COLLATE=utf8mb4_unicode_ci;

--
-- Dumping data for table `reports`
--

INSERT INTO `reports` (`id`, `report_date`, `title`, `overview`, `pdf`, `active`, `created_at`, `updated_at`) VALUES
(3, '2023-09-27 21:00:00', 'تقرير الاتحاد الربع سنوى لعام 2023', '<p>في هذا التقرير المفصل بالأرقام نستعرض كافة البطولات التي اطلقها الاتحاد والفعاليات التي شارك فيها…</p>', '1695897964_ahmedReda.cv3.pdf.pdf', 1, '2023-09-28 07:35:11', '2023-10-02 14:16:13'),
(5, '2005-07-07 22:00:00', 'date: moment(date).moment().format(\'L\'),', '<p>&nbsp; &nbsp; &nbsp; &nbsp; date: moment(date).moment().format(\'L\'),</p><p>&nbsp;</p>', '1695897289_designPatern.pdf.pdf', 1, '2023-09-28 08:34:49', '2023-09-28 08:34:49'),
(6, '2023-10-02 17:16:25', 'title', 'overview', '1695904480_react hooks.pdf.pdf', 0, '2023-09-28 10:34:40', '2023-10-02 14:16:25');

-- --------------------------------------------------------

--
-- Table structure for table `roles`
--

CREATE TABLE `roles` (
  `id` bigint(20) UNSIGNED NOT NULL,
  `name` varchar(255) NOT NULL,
  `guard_name` varchar(255) NOT NULL,
  `created_at` timestamp NULL DEFAULT NULL,
  `updated_at` timestamp NULL DEFAULT NULL
) ENGINE=InnoDB DEFAULT CHARSET=utf8mb4 COLLATE=utf8mb4_unicode_ci;

--
-- Dumping data for table `roles`
--

INSERT INTO `roles` (`id`, `name`, `guard_name`, `created_at`, `updated_at`) VALUES
(1, 'Super Admin', 'Admin', '2023-09-04 04:50:44', '2023-09-04 04:50:44'),
(3, 'Admin', 'Admin', '2023-09-04 04:53:28', '2023-09-04 04:53:28');

-- --------------------------------------------------------

--
-- Table structure for table `role_has_permissions`
--

CREATE TABLE `role_has_permissions` (
  `permission_id` bigint(20) UNSIGNED NOT NULL,
  `role_id` bigint(20) UNSIGNED NOT NULL
) ENGINE=InnoDB DEFAULT CHARSET=utf8mb4 COLLATE=utf8mb4_unicode_ci;

--
-- Dumping data for table `role_has_permissions`
--

INSERT INTO `role_has_permissions` (`permission_id`, `role_id`) VALUES
(1, 1),
(1, 3),
(2, 1),
(2, 3),
(3, 1),
(3, 3),
(4, 1),
(5, 1),
(5, 3),
(6, 1),
(6, 3),
(7, 1),
(7, 3),
(8, 1),
(9, 1),
(9, 3),
(10, 1),
(10, 3),
(11, 1),
(12, 1),
(12, 3),
(13, 1),
(13, 3),
(14, 1),
(14, 3),
(15, 1),
(15, 3),
(16, 1),
(16, 3),
(17, 1),
(17, 3),
(18, 1),
(19, 1),
(19, 3),
(20, 1),
(20, 3),
(21, 1),
(21, 3),
(22, 1),
(22, 3),
(23, 1),
(23, 3),
(24, 1),
(25, 1),
(26, 1),
(26, 3),
(27, 1),
(28, 1),
(29, 1),
(30, 1),
(30, 3),
(31, 1),
(31, 3),
(32, 1),
(33, 1),
(33, 3),
(34, 1),
(34, 3),
(35, 1),
(35, 3),
(36, 1),
(37, 1),
(37, 3),
(38, 1),
(38, 3),
(39, 1),
(39, 3),
(40, 1),
(41, 1),
(41, 3),
(42, 1),
(43, 1),
(44, 1),
(45, 1),
(45, 3),
(46, 1),
(46, 3),
(47, 1),
(47, 3),
(48, 1),
(48, 3),
(49, 1),
(49, 3),
(50, 1),
(50, 3),
(51, 1),
(52, 1),
(53, 1),
(54, 1),
(55, 1),
(55, 3),
(56, 1),
(57, 1),
(58, 1),
(58, 3),
(59, 1),
(60, 1),
(61, 1),
(62, 1),
(63, 1),
(64, 1),
(65, 1),
(66, 1),
(67, 1),
(68, 1),
(69, 1),
(70, 1),
(71, 1),
(71, 3),
(72, 1),
(73, 1),
(74, 1),
(75, 1),
(76, 1),
(77, 1),
(78, 1),
(78, 3),
(79, 1),
(80, 1),
(81, 1),
(82, 1),
(83, 1),
(84, 1),
(85, 1),
(86, 1),
(87, 1),
(88, 1),
(89, 1),
(89, 3),
(90, 1),
(91, 1),
(92, 1),
(93, 1),
(94, 1),
(95, 1),
(95, 3),
(96, 1),
(96, 3),
(97, 1),
(97, 3),
(98, 1),
(98, 3),
(99, 1),
(99, 3),
(100, 1),
(101, 1),
(102, 1),
(102, 3),
(103, 1),
(105, 1),
(105, 3),
(106, 1),
(106, 3),
(107, 1),
(112, 1),
(115, 1),
(116, 1),
(117, 1);

-- --------------------------------------------------------

--
-- Table structure for table `setings`
--

CREATE TABLE `setings` (
  `id` bigint(20) UNSIGNED NOT NULL,
  `site_address` varchar(255) NOT NULL,
  `site_phone` varchar(255) NOT NULL,
  `site_email` varchar(255) NOT NULL,
  `site_name` varchar(255) NOT NULL,
  `site_summary` text NOT NULL,
  `site_slogan` varchar(255) NOT NULL,
  `site_facebook` varchar(255) NOT NULL,
  `site_instegram` varchar(255) NOT NULL,
  `site_tiktok` varchar(255) NOT NULL,
  `site_youtube` varchar(255) NOT NULL,
  `site_snapchate` varchar(255) NOT NULL,
  `site_keywords` text NOT NULL,
  `copyrights` varchar(500) DEFAULT NULL,
  `site_description` text NOT NULL,
  `site_upper_logo` varchar(255) NOT NULL,
  `site_lower_logo` varchar(255) NOT NULL,
  `site_active` tinyint(1) NOT NULL DEFAULT 1 COMMENT '0 meen sit is close and 1 meen sit is open',
  `created_at` timestamp NULL DEFAULT NULL,
  `updated_at` timestamp NULL DEFAULT NULL
) ENGINE=InnoDB DEFAULT CHARSET=utf8mb4 COLLATE=utf8mb4_unicode_ci;

--
-- Dumping data for table `setings`
--

INSERT INTO `setings` (`id`, `site_address`, `site_phone`, `site_email`, `site_name`, `site_summary`, `site_slogan`, `site_facebook`, `site_instegram`, `site_tiktok`, `site_youtube`, `site_snapchate`, `site_keywords`, `copyrights`, `site_description`, `site_upper_logo`, `site_lower_logo`, `site_active`, `created_at`, `updated_at`) VALUES
(1, 'الرياض - تقاطع شارع الملك فهد مع شارع الإمام سعود حي النخيل شارع وادي الحدلي مبنى 2', '+966 11 6027234', 'info@tahakoom.gov.sa', 'site_name', 'site_summary', 'site_slogan', 'https://www.google.com.eg/?hl=ar', 'https://www.google.com.eg/?hl=ar', 'https://www.google.com.eg/?hl=ar', 'https://www.google.com.eg/?hl=ar', 'https://www.google.com.eg/?hl=ar', 'جميع الحقوق محفوظة لدى الإتحاد السعودي للروبوت والرياضات اللاسلكية SAUDI_RRC 2023', '<p>&nbsp;جميع الحقوق محفوظة لدى الإتحاد السعودي للروبوت والرياضات اللاسلكية&nbsp;<a href=\" SAUDI_RRC 2023\"> SAUDI_RRC 2023</a></p>', 'جميع الحقوق محفوظة لدى الإتحاد السعودي للروبوت والرياضات اللاسلكية SAUDI_RRC 2023', '1696350349_upper.svg.svg', '1696351824_lower.svg.svg', 1, '2023-09-04 04:50:53', '2023-10-03 13:50:24');

-- --------------------------------------------------------

--
-- Table structure for table `sponsers`
--

CREATE TABLE `sponsers` (
  `id` bigint(20) UNSIGNED NOT NULL,
  `title` varchar(255) NOT NULL COMMENT 'this is company title apper whene i hover on logo',
  `company_url` varchar(255) NOT NULL COMMENT 'this is company sit url',
  `logo` varchar(255) NOT NULL COMMENT 'this is company logo',
  `active` varchar(255) NOT NULL COMMENT 'this is company status',
  `created_at` timestamp NULL DEFAULT NULL,
  `updated_at` timestamp NULL DEFAULT NULL
) ENGINE=InnoDB DEFAULT CHARSET=utf8mb4 COLLATE=utf8mb4_unicode_ci;

--
-- Dumping data for table `sponsers`
--

INSERT INTO `sponsers` (`id`, `title`, `company_url`, `logo`, `active`, `created_at`, `updated_at`) VALUES
(1, 'title', 'http://www.google.com', '1696179666_sponser1.svg.svg', '1', '2023-09-07 03:40:48', '2023-09-07 05:25:07'),
(3, 'title', 'http://www.google.com', '1696179686_sponser2.svg.svg', '1', '2023-09-07 05:22:09', '2023-09-07 05:42:42'),
(4, '{{ sponser.company_url }}', 'http://www.twitter.com', '1696179695_sponser3.svg.svg', '1', '2023-09-07 05:29:26', '2023-10-01 14:01:35'),
(5, 'SponserController', 'https://test', '1696179702_sponser4.svg.svg', '1', '2023-09-07 07:09:01', '2023-10-01 14:01:42'),
(6, 'title', 'http://www.google.com', '1696179719_sponser5.svg.svg', '1', '2023-10-01 14:02:00', '2023-10-01 14:02:00');

-- --------------------------------------------------------

--
-- Table structure for table `statistics`
--

CREATE TABLE `statistics` (
  `id` bigint(20) UNSIGNED NOT NULL,
  `statistic_name` varchar(255) NOT NULL COMMENT 'this is statistic name',
  `statistic_count` int(11) NOT NULL COMMENT 'this is statistic count',
  `active` varchar(255) NOT NULL COMMENT 'this is statistic status',
  `created_at` timestamp NULL DEFAULT NULL,
  `updated_at` timestamp NULL DEFAULT NULL
) ENGINE=InnoDB DEFAULT CHARSET=utf8mb4 COLLATE=utf8mb4_unicode_ci;

--
-- Dumping data for table `statistics`
--

INSERT INTO `statistics` (`id`, `statistic_name`, `statistic_count`, `active`, `created_at`, `updated_at`) VALUES
(4, 'مشارك', 5000, '1', '2023-10-01 11:08:00', '2023-10-01 11:08:00'),
(5, 'فعالية', 60, '1', '2023-10-01 11:08:12', '2023-10-01 11:08:12'),
(6, 'دورة تدريبية', 45, '1', '2023-10-01 11:08:26', '2023-10-01 11:08:26'),
(7, 'متدرب', 3500, '1', '2023-10-01 11:08:37', '2023-10-01 11:08:37');

-- --------------------------------------------------------

--
-- Table structure for table `users`
--

CREATE TABLE `users` (
  `id` bigint(20) UNSIGNED NOT NULL,
  `name` varchar(255) NOT NULL,
  `email` varchar(255) NOT NULL,
  `email_verified_at` timestamp NULL DEFAULT NULL,
  `password` varchar(255) NOT NULL,
  `addres` varchar(255) DEFAULT NULL,
  `age` varchar(255) DEFAULT NULL,
  `status` tinyint(1) NOT NULL DEFAULT 1,
  `image` varchar(255) DEFAULT NULL,
  `mobile` varchar(255) DEFAULT NULL,
  `remember_token` varchar(100) DEFAULT NULL,
  `created_at` timestamp NULL DEFAULT NULL,
  `updated_at` timestamp NULL DEFAULT NULL
) ENGINE=InnoDB DEFAULT CHARSET=utf8mb4 COLLATE=utf8mb4_unicode_ci;

--
-- Dumping data for table `users`
--

INSERT INTO `users` (`id`, `name`, `email`, `email_verified_at`, `password`, `addres`, `age`, `status`, `image`, `mobile`, `remember_token`, `created_at`, `updated_at`) VALUES
(1, 'احمد رضا السعيد احمد', 'zaza090977777@gmail.com', NULL, '$2y$10$rWqo8rjotgJ4oiSRBGtB9upUlc7QIjyB2vIIWespvdqaQ1xb.jtt.', 'domyate', '23', 1, '1695991641_ssssss.png.png', '1024756410', NULL, '2023-09-04 04:50:53', '2023-09-29 10:46:24'),
(7, 'mohamed reda', 'mohamed@ahmed.com', NULL, '$2a$12$vBTBEBcfejRYE8FHiJFBa.ihfTRhj3s4TPfMZFbpKKHCA2gOD2C66\n', 'domyate', '22', 1, '1695991675_WhatsApp Image 2022-11-28 at 5.43.37 PM.jpeg.jpeg', '1024756410', NULL, '2023-09-05 07:51:50', '2023-09-29 07:50:02'),
(8, 'samy', 'samy@samy.com', NULL, '$2a$12$vBTBEBcfejRYE8FHiJFBa.ihfTRhj3s4TPfMZFbpKKHCA2gOD2C66\n', 'dashboard', '22', 1, '1693918883_download (2).jpg.jpg', '1024756410', NULL, '2023-09-05 10:00:50', '2023-09-05 10:26:08'),
(9, 'mostafa', 'mostafa@mostafa.com', NULL, '$2y$10$4HZfRkTNJUvtSlvtnyY9pOeCXXLvdztFb69rcqzTZ7ZVdoJngN16e', 'domyate', '22', 1, '1693920509_download (7).jpg.jpg', '1024756410', NULL, '2023-09-05 10:26:59', '2023-09-05 10:28:29');

--
-- Indexes for dumped tables
--

--
-- Indexes for table `about_uses`
--
ALTER TABLE `about_uses`
  ADD PRIMARY KEY (`id`);

--
-- Indexes for table `achivements`
--
ALTER TABLE `achivements`
  ADD PRIMARY KEY (`id`);

--
-- Indexes for table `contact_uses`
--
ALTER TABLE `contact_uses`
  ADD PRIMARY KEY (`id`);

--
-- Indexes for table `coverages`
--
ALTER TABLE `coverages`
  ADD PRIMARY KEY (`id`);

--
-- Indexes for table `directors`
--
ALTER TABLE `directors`
  ADD PRIMARY KEY (`id`);

--
-- Indexes for table `events`
--
ALTER TABLE `events`
  ADD PRIMARY KEY (`id`);

--
-- Indexes for table `event_recordings`
--
ALTER TABLE `event_recordings`
  ADD PRIMARY KEY (`id`),
  ADD KEY `event_recordings_event_id_foreign` (`event_id`);

--
-- Indexes for table `failed_jobs`
--
ALTER TABLE `failed_jobs`
  ADD PRIMARY KEY (`id`),
  ADD UNIQUE KEY `failed_jobs_uuid_unique` (`uuid`);

--
-- Indexes for table `heroes`
--
ALTER TABLE `heroes`
  ADD PRIMARY KEY (`id`);

--
-- Indexes for table `migrations`
--
ALTER TABLE `migrations`
  ADD PRIMARY KEY (`id`);

--
-- Indexes for table `model_has_permissions`
--
ALTER TABLE `model_has_permissions`
  ADD PRIMARY KEY (`permission_id`,`model_id`,`model_type`),
  ADD KEY `model_has_permissions_model_id_model_type_index` (`model_id`,`model_type`);

--
-- Indexes for table `model_has_roles`
--
ALTER TABLE `model_has_roles`
  ADD PRIMARY KEY (`role_id`,`model_id`,`model_type`),
  ADD KEY `model_has_roles_model_id_model_type_index` (`model_id`,`model_type`);

--
-- Indexes for table `news`
--
ALTER TABLE `news`
  ADD PRIMARY KEY (`id`);

--
-- Indexes for table `password_resets`
--
ALTER TABLE `password_resets`
  ADD KEY `password_resets_email_index` (`email`);

--
-- Indexes for table `permissions`
--
ALTER TABLE `permissions`
  ADD PRIMARY KEY (`id`),
  ADD UNIQUE KEY `permissions_name_guard_name_unique` (`name`,`guard_name`);

--
-- Indexes for table `personal_access_tokens`
--
ALTER TABLE `personal_access_tokens`
  ADD PRIMARY KEY (`id`),
  ADD UNIQUE KEY `personal_access_tokens_token_unique` (`token`),
  ADD KEY `personal_access_tokens_tokenable_type_tokenable_id_index` (`tokenable_type`,`tokenable_id`);

--
-- Indexes for table `reports`
--
ALTER TABLE `reports`
  ADD PRIMARY KEY (`id`);

--
-- Indexes for table `roles`
--
ALTER TABLE `roles`
  ADD PRIMARY KEY (`id`),
  ADD UNIQUE KEY `roles_name_guard_name_unique` (`name`,`guard_name`);

--
-- Indexes for table `role_has_permissions`
--
ALTER TABLE `role_has_permissions`
  ADD PRIMARY KEY (`permission_id`,`role_id`),
  ADD KEY `role_has_permissions_role_id_foreign` (`role_id`);

--
-- Indexes for table `setings`
--
ALTER TABLE `setings`
  ADD PRIMARY KEY (`id`);

--
-- Indexes for table `sponsers`
--
ALTER TABLE `sponsers`
  ADD PRIMARY KEY (`id`);

--
-- Indexes for table `statistics`
--
ALTER TABLE `statistics`
  ADD PRIMARY KEY (`id`);

--
-- Indexes for table `users`
--
ALTER TABLE `users`
  ADD PRIMARY KEY (`id`),
  ADD UNIQUE KEY `users_email_unique` (`email`);

--
-- AUTO_INCREMENT for dumped tables
--

--
-- AUTO_INCREMENT for table `about_uses`
--
ALTER TABLE `about_uses`
  MODIFY `id` bigint(20) UNSIGNED NOT NULL AUTO_INCREMENT, AUTO_INCREMENT=2;

--
-- AUTO_INCREMENT for table `achivements`
--
ALTER TABLE `achivements`
  MODIFY `id` bigint(20) UNSIGNED NOT NULL AUTO_INCREMENT, AUTO_INCREMENT=16;

--
-- AUTO_INCREMENT for table `contact_uses`
--
ALTER TABLE `contact_uses`
  MODIFY `id` bigint(20) UNSIGNED NOT NULL AUTO_INCREMENT, AUTO_INCREMENT=20;

--
-- AUTO_INCREMENT for table `coverages`
--
ALTER TABLE `coverages`
  MODIFY `id` bigint(20) UNSIGNED NOT NULL AUTO_INCREMENT, AUTO_INCREMENT=7;

--
-- AUTO_INCREMENT for table `directors`
--
ALTER TABLE `directors`
  MODIFY `id` bigint(20) UNSIGNED NOT NULL AUTO_INCREMENT, AUTO_INCREMENT=11;

--
-- AUTO_INCREMENT for table `events`
--
ALTER TABLE `events`
  MODIFY `id` bigint(20) UNSIGNED NOT NULL AUTO_INCREMENT, AUTO_INCREMENT=9;

--
-- AUTO_INCREMENT for table `event_recordings`
--
ALTER TABLE `event_recordings`
  MODIFY `id` bigint(20) UNSIGNED NOT NULL AUTO_INCREMENT, AUTO_INCREMENT=8;

--
-- AUTO_INCREMENT for table `failed_jobs`
--
ALTER TABLE `failed_jobs`
  MODIFY `id` bigint(20) UNSIGNED NOT NULL AUTO_INCREMENT;

--
-- AUTO_INCREMENT for table `heroes`
--
ALTER TABLE `heroes`
  MODIFY `id` bigint(20) UNSIGNED NOT NULL AUTO_INCREMENT, AUTO_INCREMENT=10;

--
-- AUTO_INCREMENT for table `migrations`
--
ALTER TABLE `migrations`
  MODIFY `id` int(10) UNSIGNED NOT NULL AUTO_INCREMENT, AUTO_INCREMENT=21;

--
-- AUTO_INCREMENT for table `news`
--
ALTER TABLE `news`
  MODIFY `id` bigint(20) UNSIGNED NOT NULL AUTO_INCREMENT, AUTO_INCREMENT=12;

--
-- AUTO_INCREMENT for table `permissions`
--
ALTER TABLE `permissions`
  MODIFY `id` bigint(20) UNSIGNED NOT NULL AUTO_INCREMENT, AUTO_INCREMENT=118;

--
-- AUTO_INCREMENT for table `personal_access_tokens`
--
ALTER TABLE `personal_access_tokens`
  MODIFY `id` bigint(20) UNSIGNED NOT NULL AUTO_INCREMENT;

--
-- AUTO_INCREMENT for table `reports`
--
ALTER TABLE `reports`
  MODIFY `id` bigint(20) UNSIGNED NOT NULL AUTO_INCREMENT, AUTO_INCREMENT=7;

--
-- AUTO_INCREMENT for table `roles`
--
ALTER TABLE `roles`
  MODIFY `id` bigint(20) UNSIGNED NOT NULL AUTO_INCREMENT, AUTO_INCREMENT=4;

--
-- AUTO_INCREMENT for table `setings`
--
ALTER TABLE `setings`
  MODIFY `id` bigint(20) UNSIGNED NOT NULL AUTO_INCREMENT, AUTO_INCREMENT=2;

--
-- AUTO_INCREMENT for table `sponsers`
--
ALTER TABLE `sponsers`
  MODIFY `id` bigint(20) UNSIGNED NOT NULL AUTO_INCREMENT, AUTO_INCREMENT=7;

--
-- AUTO_INCREMENT for table `statistics`
--
ALTER TABLE `statistics`
  MODIFY `id` bigint(20) UNSIGNED NOT NULL AUTO_INCREMENT, AUTO_INCREMENT=8;

--
-- AUTO_INCREMENT for table `users`
--
ALTER TABLE `users`
  MODIFY `id` bigint(20) UNSIGNED NOT NULL AUTO_INCREMENT, AUTO_INCREMENT=10;

--
-- Constraints for dumped tables
--

--
-- Constraints for table `event_recordings`
--
ALTER TABLE `event_recordings`
  ADD CONSTRAINT `event_recordings_event_id_foreign` FOREIGN KEY (`event_id`) REFERENCES `events` (`id`) ON DELETE CASCADE;

--
-- Constraints for table `model_has_permissions`
--
ALTER TABLE `model_has_permissions`
  ADD CONSTRAINT `model_has_permissions_permission_id_foreign` FOREIGN KEY (`permission_id`) REFERENCES `permissions` (`id`) ON DELETE CASCADE;

--
-- Constraints for table `model_has_roles`
--
ALTER TABLE `model_has_roles`
  ADD CONSTRAINT `model_has_roles_role_id_foreign` FOREIGN KEY (`role_id`) REFERENCES `roles` (`id`) ON DELETE CASCADE;

--
-- Constraints for table `role_has_permissions`
--
ALTER TABLE `role_has_permissions`
  ADD CONSTRAINT `role_has_permissions_permission_id_foreign` FOREIGN KEY (`permission_id`) REFERENCES `permissions` (`id`) ON DELETE CASCADE,
  ADD CONSTRAINT `role_has_permissions_role_id_foreign` FOREIGN KEY (`role_id`) REFERENCES `roles` (`id`) ON DELETE CASCADE;
COMMIT;

/*!40101 SET CHARACTER_SET_CLIENT=@OLD_CHARACTER_SET_CLIENT */;
/*!40101 SET CHARACTER_SET_RESULTS=@OLD_CHARACTER_SET_RESULTS */;
/*!40101 SET COLLATION_CONNECTION=@OLD_COLLATION_CONNECTION */;
